NC_036838.1	60649
NC_036838.1	84727
NC_036838.1	434621
NC_036838.1	981627
NC_036838.1	1702986
NC_036838.1	1758963
NC_036838.1	1761652
NC_036838.1	1762870
NC_036838.1	1768939
NC_036838.1	1901984
NC_036838.1	1927154
NC_036838.1	1930838
NC_036838.1	1951814
NC_036838.1	1963591
NC_036838.1	1968716
NC_036838.1	1974600
NC_036838.1	1976241
NC_036838.1	1989261
NC_036838.1	1995654
NC_036838.1	1998398
NC_036838.1	2009420
NC_036838.1	2322615
NC_036838.1	2350859
NC_036838.1	2360586
NC_036838.1	2390229
NC_036838.1	2851360
NC_036838.1	2860059
NC_036838.1	3046659
NC_036838.1	3053842
NC_036838.1	3057173
NC_036838.1	3060043
NC_036838.1	3063324
NC_036838.1	3099709
NC_036838.1	3118603
NC_036838.1	3120388
NC_036838.1	3140075
NC_036838.1	3149726
NC_036838.1	3152041
NC_036838.1	3182946
NC_036838.1	3192089
NC_036838.1	3214118
NC_036838.1	3215855
NC_036838.1	3233641
NC_036838.1	3250635
NC_036838.1	3253985
NC_036838.1	3264761
NC_036838.1	3298340
NC_036838.1	3299449
NC_036838.1	3305330
NC_036838.1	3306815
NC_036838.1	3308247
NC_036838.1	3310272
NC_036838.1	3313110
NC_036838.1	3314309
NC_036838.1	3315731
NC_036838.1	3317207
NC_036838.1	3318648
NC_036838.1	3320740
NC_036838.1	3322767
NC_036838.1	3323792
NC_036838.1	3325285
NC_036838.1	3329827
NC_036838.1	3331943
NC_036838.1	3346605
NC_036838.1	3348322
NC_036838.1	3358926
NC_036838.1	3420548
NC_036838.1	3936492
NC_036838.1	3937658
NC_036838.1	3941421
NC_036838.1	3952769
NC_036838.1	3954906
NC_036838.1	3961034
NC_036838.1	3963646
NC_036838.1	4090482
NC_036838.1	4099445
NC_036838.1	4171583
NC_036838.1	4451483
NC_036838.1	4795097
NC_036838.1	5014621
NC_036838.1	5173821
NC_036838.1	5752267
NC_036838.1	5773439
NC_036838.1	5777580
NC_036838.1	5778690
NC_036838.1	5782514
NC_036838.1	5808596
NC_036838.1	5825045
NC_036838.1	5882912
NC_036838.1	5938369
NC_036838.1	5990012
NC_036838.1	6011354
NC_036838.1	6450069
NC_036838.1	6452025
NC_036838.1	6696512
NC_036838.1	6697962
NC_036838.1	6808389
NC_036838.1	6993729
NC_036838.1	7000011
NC_036838.1	7051701
NC_036838.1	7113184
NC_036838.1	7114329
NC_036838.1	7118627
NC_036838.1	7144206
NC_036838.1	7147458
NC_036838.1	7150277
NC_036838.1	7152047
NC_036838.1	7156496
NC_036838.1	7162522
NC_036838.1	7238445
NC_036838.1	7258745
NC_036838.1	7262201
NC_036838.1	7273795
NC_036838.1	7294612
NC_036838.1	7707826
NC_036838.1	7968998
NC_036838.1	8041639
NC_036838.1	8055212
NC_036838.1	8065072
NC_036838.1	8074848
NC_036838.1	8108473
NC_036838.1	8114561
NC_036838.1	8122548
NC_036838.1	8134026
NC_036838.1	8136370
NC_036838.1	8141492
NC_036838.1	8142759
NC_036838.1	8146204
NC_036838.1	8155482
NC_036838.1	8157159
NC_036838.1	8159848
NC_036838.1	8190229
NC_036838.1	8216178
NC_036838.1	8230065
NC_036838.1	8320371
NC_036838.1	8366132
NC_036838.1	8449667
NC_036838.1	8457655
NC_036838.1	8478510
NC_036838.1	8500023
NC_036838.1	8502013
NC_036838.1	8503132
NC_036838.1	8504285
NC_036838.1	8505406
NC_036838.1	8512139
NC_036838.1	8520999
NC_036838.1	8524444
NC_036838.1	8531087
NC_036838.1	8532520
NC_036838.1	8534987
NC_036838.1	8536136
NC_036838.1	8537366
NC_036838.1	8538775
NC_036838.1	8540381
NC_036838.1	8545987
NC_036838.1	8547016
NC_036838.1	8548120
NC_036838.1	8550425
NC_036838.1	8555470
NC_036838.1	8557336
NC_036838.1	8558946
NC_036838.1	8560013
NC_036838.1	8565158
NC_036838.1	8568478
NC_036838.1	8586478
NC_036838.1	8588950
NC_036838.1	8590331
NC_036838.1	8593667
NC_036838.1	8604877
NC_036838.1	8606480
NC_036838.1	8608359
NC_036838.1	8611146
NC_036838.1	8613829
NC_036838.1	8620124
NC_036838.1	8627831
NC_036838.1	8630974
NC_036838.1	8633348
NC_036838.1	8634505
NC_036838.1	8638599
NC_036838.1	8641570
NC_036838.1	8642989
NC_036838.1	8645996
NC_036838.1	8648441
NC_036838.1	8650851
NC_036838.1	8658798
NC_036838.1	8660052
NC_036838.1	8664098
NC_036838.1	8672205
NC_036838.1	8673792
NC_036838.1	8676356
NC_036838.1	8677498
NC_036838.1	8679008
NC_036838.1	8681089
NC_036838.1	8685763
NC_036838.1	8687028
NC_036838.1	8689073
NC_036838.1	8691035
NC_036838.1	8692971
NC_036838.1	8694508
NC_036838.1	8695602
NC_036838.1	8703477
NC_036838.1	8704722
NC_036838.1	8706230
NC_036838.1	8714604
NC_036838.1	8715831
NC_036838.1	8717235
NC_036838.1	8719243
NC_036838.1	8721784
NC_036838.1	8724097
NC_036838.1	8725491
NC_036838.1	8737567
NC_036838.1	8739276
NC_036838.1	8750055
NC_036838.1	8753970
NC_036838.1	8758971
NC_036838.1	8761369
NC_036838.1	8762431
NC_036838.1	8764410
NC_036838.1	8765450
NC_036838.1	8766732
NC_036838.1	8768601
NC_036838.1	8770031
NC_036838.1	8773383
NC_036838.1	8776024
NC_036838.1	8777087
NC_036838.1	8778655
NC_036838.1	8780425
NC_036838.1	8781697
NC_036838.1	8783739
NC_036838.1	8785142
NC_036838.1	8789900
NC_036838.1	8793855
NC_036838.1	8800035
NC_036838.1	8802540
NC_036838.1	8808908
NC_036838.1	8818877
NC_036838.1	8824876
NC_036838.1	8827832
NC_036838.1	8829151
NC_036838.1	8831969
NC_036838.1	8840235
NC_036838.1	8846836
NC_036838.1	8851670
NC_036838.1	8853515
NC_036838.1	8942883
NC_036838.1	8948375
NC_036838.1	8950144
NC_036838.1	8959103
NC_036838.1	8964869
NC_036838.1	8966964
NC_036838.1	8968032
NC_036838.1	8970239
NC_036838.1	8972701
NC_036838.1	8976127
NC_036838.1	8978029
NC_036838.1	8979431
NC_036838.1	8981483
NC_036838.1	8984418
NC_036838.1	8986408
NC_036838.1	9008360
NC_036838.1	9013216
NC_036838.1	9015012
NC_036838.1	9016177
NC_036838.1	9021321
NC_036838.1	9023257
NC_036838.1	9026996
NC_036838.1	9028501
NC_036838.1	9030524
NC_036838.1	9031996
NC_036838.1	9034496
NC_036838.1	9037963
NC_036838.1	9044971
NC_036838.1	9047952
NC_036838.1	9050388
NC_036838.1	9051581
NC_036838.1	9053385
NC_036838.1	9054865
NC_036838.1	9057416
NC_036838.1	9059363
NC_036838.1	9060558
NC_036838.1	9062354
NC_036838.1	9063772
NC_036838.1	9070330
NC_036838.1	9078355
NC_036838.1	9082158
NC_036838.1	9086360
NC_036838.1	9090584
NC_036838.1	9096386
NC_036838.1	9111069
NC_036838.1	9112411
NC_036838.1	9115516
NC_036838.1	9117388
NC_036838.1	9120464
NC_036838.1	9125996
NC_036838.1	9127408
NC_036838.1	9131639
NC_036838.1	9133674
NC_036838.1	9144659
NC_036838.1	9156734
NC_036838.1	9158364
NC_036838.1	9159391
NC_036838.1	9161503
NC_036838.1	9168027
NC_036838.1	9169093
NC_036838.1	9170147
NC_036838.1	9173856
NC_036838.1	9179911
NC_036838.1	9182472
NC_036838.1	9183777
NC_036838.1	9190492
NC_036838.1	9201471
NC_036838.1	9202656
NC_036838.1	9295037
NC_036838.1	9320503
NC_036838.1	9389779
NC_036838.1	9392929
NC_036838.1	9394247
NC_036838.1	9401331
NC_036838.1	9406096
NC_036838.1	9407273
NC_036838.1	9408821
NC_036838.1	9439213
NC_036838.1	9440273
NC_036838.1	9449313
NC_036838.1	9453689
NC_036838.1	9456245
NC_036838.1	9457452
NC_036838.1	9459096
NC_036838.1	9460968
NC_036838.1	9464798
NC_036838.1	9466502
NC_036838.1	9470169
NC_036838.1	9506405
NC_036838.1	9507603
NC_036838.1	9511356
NC_036838.1	9521113
NC_036838.1	9538877
NC_036838.1	9544163
NC_036838.1	9550583
NC_036838.1	9554212
NC_036838.1	9559765
NC_036838.1	9572232
NC_036838.1	9574583
NC_036838.1	9592085
NC_036838.1	9928490
NC_036838.1	9947684
NC_036838.1	9973341
NC_036838.1	9982476
NC_036838.1	9983886
NC_036838.1	10113838
NC_036838.1	10120317
NC_036838.1	10197028
NC_036838.1	10835202
NC_036838.1	10859243
NC_036838.1	10963108
NC_036838.1	10997542
NC_036838.1	11114885
NC_036838.1	11116193
NC_036838.1	11169538
NC_036838.1	11190623
NC_036838.1	11212672
NC_036838.1	11298664
NC_036838.1	11310683
NC_036838.1	11316588
NC_036838.1	11318456
NC_036838.1	11366463
NC_036838.1	11392357
NC_036838.1	12084838
NC_036838.1	12101949
NC_036838.1	12218122
NC_036838.1	12657791
NC_036838.1	12680102
NC_036838.1	12688906
NC_036838.1	12701425
NC_036838.1	12709048
NC_036838.1	12972842
NC_036838.1	12996408
NC_036838.1	13021457
NC_036838.1	13297332
NC_036838.1	13307444
NC_036838.1	13412827
NC_036838.1	13428314
NC_036838.1	13451875
NC_036838.1	13462160
NC_036838.1	13508870
NC_036838.1	13534176
NC_036838.1	13596531
NC_036838.1	14665488
NC_036838.1	15242709
NC_036838.1	15338615
NC_036838.1	15347524
NC_036838.1	15379704
NC_036838.1	15451888
NC_036838.1	15453158
NC_036838.1	15888206
NC_036838.1	17608510
NC_036838.1	17625733
NC_036838.1	18527915
NC_036838.1	18534670
NC_036838.1	18542512
NC_036838.1	18543716
NC_036838.1	18556885
NC_036838.1	18558166
NC_036838.1	18964378
NC_036838.1	19777001
NC_036838.1	19815110
NC_036838.1	19816665
NC_036838.1	19817778
NC_036838.1	19824818
NC_036838.1	20434978
NC_036838.1	20458494
NC_036838.1	20582749
NC_036838.1	20739144
NC_036838.1	20748261
NC_036838.1	20753630
NC_036838.1	20782811
NC_036838.1	20865516
NC_036838.1	20884715
NC_036838.1	20924655
NC_036838.1	20929414
NC_036838.1	21138818
NC_036838.1	21159375
NC_036838.1	21171689
NC_036838.1	21174762
NC_036838.1	21205132
NC_036838.1	21224709
NC_036838.1	21235036
NC_036838.1	21236427
NC_036838.1	21238425
NC_036838.1	21240914
NC_036838.1	21276997
NC_036838.1	21320754
NC_036838.1	21325871
NC_036838.1	21327545
NC_036838.1	21338491
NC_036838.1	21343026
NC_036838.1	21347645
NC_036838.1	21348970
NC_036838.1	21350696
NC_036838.1	21359343
NC_036838.1	21363408
NC_036838.1	21364699
NC_036838.1	21370787
NC_036838.1	21372682
NC_036838.1	21375793
NC_036838.1	21383409
NC_036838.1	21388181
NC_036838.1	21391306
NC_036838.1	21398276
NC_036838.1	21399509
NC_036838.1	21407380
NC_036838.1	21408695
NC_036838.1	21409894
NC_036838.1	21425609
NC_036838.1	21431786
NC_036838.1	21432857
NC_036838.1	21435306
NC_036838.1	21436571
NC_036838.1	21438514
NC_036838.1	21440170
NC_036838.1	21450173
NC_036838.1	21454551
NC_036838.1	21469747
NC_036838.1	21471266
NC_036838.1	21472806
NC_036838.1	21473831
NC_036838.1	21476253
NC_036838.1	21478436
NC_036838.1	21487927
NC_036838.1	21491946
NC_036838.1	21493218
NC_036838.1	21501100
NC_036838.1	21502482
NC_036838.1	21506309
NC_036838.1	21508965
NC_036838.1	21534885
NC_036838.1	21539045
NC_036838.1	22281421
NC_036838.1	22451928
NC_036838.1	22506132
NC_036838.1	22727432
NC_036838.1	22739895
NC_036838.1	22746736
NC_036838.1	22768851
NC_036838.1	22782834
NC_036838.1	22798254
NC_036838.1	22819246
NC_036838.1	22821702
NC_036838.1	23096133
NC_036838.1	23097648
NC_036838.1	23101975
NC_036838.1	23104877
NC_036838.1	23105895
NC_036838.1	23112137
NC_036838.1	23117593
NC_036838.1	23119595
NC_036838.1	23121619
NC_036838.1	23143552
NC_036838.1	23155193
NC_036838.1	23156518
NC_036838.1	23166259
NC_036838.1	23172665
NC_036838.1	23173721
NC_036838.1	23238576
NC_036838.1	23257635
NC_036838.1	23258853
NC_036838.1	23267535
NC_036838.1	23284872
NC_036838.1	23287650
NC_036838.1	23293990
NC_036838.1	23303316
NC_036838.1	23376335
NC_036838.1	23386137
NC_036838.1	23394597
NC_036838.1	23396303
NC_036838.1	23454921
NC_036838.1	23994230
NC_036838.1	24004391
NC_036838.1	24089859
NC_036838.1	24091916
NC_036838.1	24097260
NC_036838.1	24123696
NC_036838.1	24148983
NC_036838.1	24160259
NC_036838.1	24163417
NC_036838.1	24181881
NC_036838.1	24190343
NC_036838.1	24193577
NC_036838.1	24195178
NC_036838.1	24204042
NC_036838.1	24209574
NC_036838.1	24219486
NC_036838.1	24220690
NC_036838.1	24232174
NC_036838.1	24238051
NC_036838.1	24239511
NC_036838.1	24285757
NC_036838.1	24437150
NC_036838.1	24485438
NC_036838.1	24519169
NC_036838.1	24802885
NC_036838.1	24910690
NC_036838.1	25011838
NC_036838.1	25154519
NC_036838.1	25337204
NC_036838.1	25662845
NC_036838.1	25686614
NC_036838.1	25703681
NC_036838.1	25740321
NC_036838.1	25814660
NC_036838.1	25816444
NC_036838.1	25817542
NC_036838.1	25822931
NC_036838.1	25824971
NC_036838.1	25826792
NC_036838.1	25828679
NC_036838.1	25832291
NC_036838.1	25849143
NC_036838.1	25852496
NC_036838.1	25862760
NC_036838.1	26341093
NC_036838.1	26921485
NC_036838.1	27328188
NC_036838.1	27335225
NC_036838.1	27538384
NC_036838.1	27706547
NC_036838.1	27713878
NC_036838.1	27727863
NC_036838.1	27737440
NC_036838.1	27758993
NC_036838.1	27772433
NC_036838.1	27776080
NC_036838.1	27796624
NC_036838.1	27797789
NC_036838.1	27808633
NC_036838.1	27810019
NC_036838.1	27816679
NC_036838.1	27825339
NC_036838.1	28091101
NC_036838.1	28172360
NC_036838.1	28176799
NC_036838.1	28383005
NC_036838.1	28408814
NC_036838.1	28475701
NC_036838.1	28939263
NC_036838.1	28987144
NC_036838.1	28993943
NC_036838.1	29021049
NC_036838.1	29136019
NC_036838.1	29140345
NC_036838.1	29141649
NC_036838.1	29145390
NC_036838.1	29153560
NC_036838.1	29155103
NC_036838.1	29156875
NC_036838.1	29158764
NC_036838.1	29159848
NC_036838.1	29162394
NC_036838.1	29173706
NC_036838.1	29175310
NC_036838.1	29176691
NC_036838.1	29177788
NC_036838.1	29179102
NC_036838.1	29180230
NC_036838.1	29197578
NC_036838.1	29212418
NC_036838.1	29213640
NC_036838.1	29241715
NC_036838.1	29242778
NC_036838.1	29255419
NC_036838.1	29257861
NC_036838.1	29263219
NC_036838.1	29264235
NC_036838.1	29279503
NC_036838.1	29298764
NC_036838.1	29299919
NC_036838.1	29301355
NC_036838.1	29303895
NC_036838.1	29304958
NC_036838.1	29310831
NC_036838.1	29326988
NC_036838.1	29329694
NC_036838.1	29338314
NC_036838.1	29342112
NC_036838.1	29344212
NC_036838.1	29346956
NC_036838.1	29430056
NC_036838.1	29653136
NC_036838.1	29657403
NC_036838.1	29689720
NC_036838.1	29697969
NC_036838.1	29705045
NC_036838.1	29713179
NC_036838.1	29716010
NC_036838.1	29755763
NC_036838.1	29802946
NC_036838.1	29851236
NC_036838.1	29852340
NC_036838.1	30450107
NC_036838.1	30463664
NC_036838.1	30484017
NC_036838.1	30488323
NC_036838.1	30498529
NC_036838.1	30516210
NC_036838.1	30541135
NC_036838.1	30711632
NC_036838.1	30765970
NC_036838.1	30802041
NC_036838.1	30960539
NC_036838.1	30966665
NC_036838.1	31020394
NC_036838.1	31029520
NC_036838.1	31043201
NC_036838.1	31072520
NC_036838.1	31187844
NC_036838.1	31261830
NC_036838.1	31297039
NC_036838.1	31344069
NC_036838.1	31424248
NC_036838.1	31427355
NC_036838.1	31479072
NC_036838.1	31506130
NC_036838.1	31510303
NC_036838.1	31513807
NC_036838.1	31517623
NC_036838.1	31520324
NC_036838.1	31524679
NC_036838.1	31544440
NC_036838.1	31552397
NC_036838.1	31567319
NC_036838.1	31575477
NC_036838.1	31581908
NC_036838.1	31584500
NC_036838.1	31630305
NC_036838.1	31671756
NC_036838.1	31695882
NC_036838.1	31698034
NC_036838.1	31699230
NC_036838.1	31704299
NC_036838.1	31708795
NC_036838.1	31710929
NC_036838.1	31712634
NC_036838.1	31717147
NC_036838.1	31719751
NC_036838.1	31721142
NC_036838.1	31722755
NC_036838.1	31723769
NC_036838.1	31728152
NC_036838.1	31729747
NC_036838.1	31766738
NC_036838.1	31803322
NC_036838.1	31841265
NC_036838.1	31847699
NC_036838.1	31869683
NC_036838.1	31871160
NC_036838.1	31879461
NC_036838.1	31893560
NC_036838.1	31904082
NC_036838.1	31909260
NC_036838.1	31943517
NC_036838.1	31947484
NC_036838.1	31949549
NC_036838.1	31951807
NC_036838.1	31962375
NC_036838.1	31963674
NC_036838.1	31964749
NC_036838.1	31970204
NC_036838.1	31976164
NC_036838.1	31978045
NC_036838.1	31979184
NC_036838.1	31984287
NC_036838.1	31995754
NC_036838.1	32002447
NC_036838.1	32004864
NC_036838.1	32042805
NC_036838.1	32054253
NC_036838.1	32146300
NC_036838.1	32149878
NC_036838.1	32162557
NC_036838.1	32165178
NC_036838.1	32172846
NC_036838.1	32186468
NC_036838.1	32197755
NC_036838.1	32217188
NC_036838.1	32221888
NC_036838.1	32229998
NC_036838.1	32233478
NC_036838.1	32237727
NC_036838.1	32244626
NC_036838.1	32249070
NC_036838.1	32261759
NC_036838.1	32265614
NC_036838.1	32290657
NC_036838.1	32299931
NC_036838.1	32354645
NC_036838.1	32366222
NC_036838.1	32383926
NC_036838.1	32408946
NC_036838.1	32564511
NC_036838.1	32568856
NC_036838.1	32573874
NC_036838.1	32707075
NC_036838.1	32769944
NC_036838.1	32779917
NC_036838.1	32809556
NC_036838.1	32826802
NC_036838.1	32953325
NC_036838.1	33022770
NC_036838.1	33033849
NC_036838.1	33050024
NC_036838.1	33061926
NC_036838.1	33064381
NC_036838.1	33066591
NC_036838.1	33068520
NC_036838.1	33087084
NC_036838.1	33095422
NC_036838.1	33096443
NC_036838.1	33229334
NC_036838.1	33236342
NC_036838.1	33241087
NC_036838.1	33242939
NC_036838.1	33247211
NC_036838.1	33248294
NC_036838.1	33600567
NC_036838.1	33672933
NC_036838.1	33674295
NC_036838.1	33774318
NC_036838.1	34646136
NC_036838.1	34698178
NC_036838.1	35336399
NC_036838.1	35381687
NC_036838.1	36387475
NC_036838.1	36703196
NC_036838.1	36717201
NC_036838.1	36731889
NC_036838.1	36734926
NC_036838.1	36740037
NC_036838.1	36742687
NC_036838.1	36747339
NC_036838.1	36754462
NC_036838.1	36912888
NC_036838.1	36914249
NC_036838.1	36916088
NC_036838.1	36917824
NC_036838.1	36923747
NC_036838.1	36951895
NC_036838.1	36962536
NC_036838.1	36970977
NC_036838.1	36973418
NC_036838.1	36982808
NC_036838.1	37001972
NC_036838.1	37002988
NC_036838.1	37041924
NC_036838.1	37453219
NC_036838.1	38177227
NC_036838.1	38558387
NC_036838.1	38665779
NC_036838.1	38699308
NC_036838.1	38714609
NC_036838.1	38780461
NC_036838.1	38786475
NC_036838.1	38796093
NC_036838.1	38816382
NC_036838.1	38824350
NC_036838.1	38825679
NC_036838.1	38832458
NC_036838.1	38835278
NC_036838.1	38836955
NC_036838.1	38848460
NC_036838.1	38854403
NC_036838.1	38860801
NC_036838.1	38863344
NC_036838.1	38912499
NC_036838.1	39093544
NC_036838.1	39131100
NC_036838.1	39161517
NC_036838.1	39218142
NC_036838.1	39230198
NC_036838.1	39274368
NC_036838.1	39278159
NC_036838.1	39283724
NC_036838.1	39299280
NC_036838.1	39346863
NC_036838.1	39355266
NC_036838.1	39366530
NC_036838.1	39382394
NC_036838.1	39462583
NC_036838.1	39496319
NC_036838.1	39534666
NC_036838.1	39597643
NC_036838.1	39696827
NC_036838.1	39707670
NC_036838.1	39715498
NC_036838.1	39804619
NC_036838.1	39812326
NC_036838.1	39822344
NC_036838.1	39823595
NC_036838.1	39835257
NC_036838.1	39854202
NC_036838.1	39856846
NC_036838.1	39858171
NC_036838.1	39859385
NC_036838.1	39871170
NC_036838.1	39885401
NC_036838.1	39888596
NC_036838.1	40028056
NC_036838.1	40036092
NC_036838.1	40041374
NC_036838.1	40049309
NC_036838.1	40165938
NC_036838.1	40171558
NC_036838.1	40198561
NC_036838.1	40200645
NC_036838.1	40218700
NC_036838.1	40223792
NC_036838.1	40248668
NC_036838.1	40252744
NC_036838.1	40253849
NC_036838.1	40260485
NC_036838.1	40261778
NC_036838.1	40270368
NC_036838.1	40272055
NC_036838.1	40273209
NC_036838.1	40274504
NC_036838.1	40284725
NC_036838.1	40285927
NC_036838.1	40287152
NC_036838.1	40288453
NC_036838.1	40289683
NC_036838.1	40291186
NC_036838.1	40295763
NC_036838.1	40297765
NC_036838.1	40301234
NC_036838.1	40303396
NC_036838.1	40308205
NC_036838.1	40312818
NC_036838.1	40314027
NC_036838.1	40325006
NC_036838.1	40326280
NC_036838.1	40340761
NC_036838.1	40346023
NC_036838.1	40370658
NC_036838.1	40372005
NC_036838.1	40373035
NC_036838.1	40382853
NC_036838.1	40384748
NC_036838.1	40387419
NC_036838.1	40390119
NC_036838.1	40396951
NC_036838.1	40399936
NC_036838.1	40404393
NC_036838.1	40419155
NC_036838.1	40429560
NC_036838.1	40434838
NC_036838.1	40439890
NC_036838.1	40449000
NC_036838.1	40465193
NC_036838.1	40479686
NC_036838.1	40488211
NC_036838.1	40493636
NC_036838.1	40495390
NC_036838.1	40506517
NC_036838.1	40513115
NC_036838.1	40528407
NC_036838.1	40529860
NC_036838.1	40532849
NC_036838.1	40534614
NC_036838.1	40535718
NC_036838.1	40539967
NC_036838.1	40545795
NC_036838.1	40548711
NC_036838.1	40559442
NC_036838.1	40561481
NC_036838.1	40569575
NC_036838.1	40572909
NC_036838.1	40593694
NC_036838.1	40599507
NC_036838.1	40605685
NC_036838.1	40611979
NC_036838.1	40635831
NC_036838.1	40638580
NC_036838.1	40648619
NC_036838.1	40655735
NC_036838.1	40657776
NC_036838.1	40667965
NC_036838.1	40671195
NC_036838.1	40674797
NC_036838.1	40676039
NC_036838.1	40677334
NC_036838.1	40681460
NC_036838.1	40685401
NC_036838.1	40690689
NC_036838.1	40691695
NC_036838.1	40693433
NC_036838.1	40695078
NC_036838.1	40699963
NC_036838.1	40701143
NC_036838.1	40702379
NC_036838.1	40704289
NC_036838.1	40708146
NC_036838.1	40713180
NC_036838.1	40718255
NC_036838.1	40720065
NC_036838.1	40723053
NC_036838.1	40739226
NC_036838.1	40755237
NC_036838.1	40761560
NC_036838.1	40771990
NC_036838.1	40779657
NC_036838.1	40785878
NC_036838.1	40794600
NC_036838.1	40809754
NC_036838.1	40812556
NC_036838.1	40813968
NC_036838.1	40843448
NC_036838.1	40844458
NC_036838.1	40865277
NC_036838.1	40867090
NC_036838.1	40876325
NC_036838.1	40879099
NC_036838.1	40880962
NC_036838.1	40886949
NC_036838.1	40890114
NC_036838.1	40896264
NC_036838.1	40904866
NC_036838.1	40928011
NC_036838.1	40952193
NC_036838.1	40978320
NC_036838.1	40981164
NC_036838.1	40991686
NC_036838.1	40995252
NC_036838.1	41194907
NC_036838.1	41197825
NC_036838.1	41225440
NC_036838.1	41293691
NC_036838.1	41345011
NC_036838.1	41360751
NC_036838.1	41362022
NC_036838.1	41363827
NC_036838.1	41427603
NC_036838.1	41457898
NC_036838.1	41462043
NC_036838.1	41463611
NC_036838.1	41472685
NC_036838.1	41474363
NC_036838.1	41501635
NC_036838.1	41504586
NC_036838.1	41533279
NC_036838.1	41534519
NC_036838.1	41536003
NC_036838.1	41539100
NC_036838.1	41540534
NC_036838.1	41541942
NC_036838.1	41563493
NC_036838.1	41573753
NC_036838.1	41639618
NC_036838.1	41669803
NC_036838.1	41671222
NC_036838.1	41672356
NC_036838.1	41674086
NC_036838.1	41677078
NC_036838.1	41679350
NC_036838.1	41683423
NC_036838.1	41685291
NC_036838.1	41688546
NC_036838.1	41719925
NC_036838.1	41724211
NC_036838.1	41746414
NC_036838.1	41784610
NC_036838.1	41787199
NC_036838.1	41873088
NC_036838.1	41874259
NC_036838.1	41907966
NC_036838.1	41933814
NC_036838.1	41939030
NC_036838.1	41940635
NC_036838.1	41944216
NC_036838.1	41948225
NC_036838.1	41975256
NC_036838.1	42033506
NC_036838.1	42144786
NC_036838.1	42213407
NC_036838.1	42259537
NC_036838.1	42260632
NC_036838.1	42294282
NC_036838.1	42297687
NC_036838.1	42317689
NC_036838.1	42353416
NC_036838.1	42359330
NC_036838.1	42360557
NC_036838.1	42369363
NC_036838.1	42373861
NC_036838.1	42402808
NC_036838.1	42404723
NC_036838.1	42409510
NC_036838.1	42414094
NC_036838.1	42420161
NC_036838.1	42423468
NC_036838.1	42458233
NC_036838.1	42695832
NC_036838.1	42706463
NC_036838.1	42713157
NC_036838.1	42718048
NC_036838.1	42728466
NC_036838.1	42739796
NC_036838.1	42743246
NC_036838.1	42749611
NC_036838.1	42760483
NC_036838.1	42775895
NC_036838.1	42778330
NC_036838.1	42806384
NC_036838.1	42808195
NC_036838.1	42814307
NC_036838.1	42843239
NC_036838.1	42982953
NC_036838.1	43308350
NC_036838.1	43419370
NC_036838.1	43533825
NC_036838.1	43779009
NC_036838.1	43780655
NC_036838.1	43783367
NC_036838.1	43796188
NC_036838.1	43808885
NC_036838.1	43837125
NC_036838.1	43843918
NC_036838.1	43874592
NC_036838.1	43908446
NC_036838.1	44015166
NC_036838.1	44055411
NC_036838.1	44071934
NC_036838.1	44093071
NC_036838.1	44122009
NC_036838.1	44159695
NC_036838.1	44230489
NC_036838.1	44238261
NC_036838.1	44251239
NC_036838.1	44259896
NC_036838.1	44303230
NC_036838.1	44316900
NC_036838.1	44320367
NC_036838.1	44327781
NC_036838.1	44333983
NC_036838.1	44340128
NC_036838.1	44361316
NC_036838.1	44363318
NC_036838.1	44366425
NC_036838.1	44375129
NC_036838.1	44393210
NC_036838.1	44412574
NC_036838.1	44419378
NC_036838.1	44424567
NC_036838.1	44430651
NC_036838.1	44431781
NC_036838.1	44433125
NC_036838.1	44450028
NC_036838.1	44460357
NC_036838.1	44461732
NC_036838.1	44463199
NC_036838.1	44464953
NC_036838.1	44466114
NC_036838.1	44467838
NC_036838.1	44468987
NC_036838.1	44525061
NC_036838.1	44590637
NC_036838.1	44602784
NC_036838.1	44616632
NC_036838.1	44830645
NC_036838.1	44849788
NC_036838.1	44896848
NC_036838.1	45183448
NC_036838.1	45397434
NC_036838.1	45508644
NC_036838.1	45511066
NC_036838.1	45579878
NC_036838.1	45667192
NC_036838.1	45808273
NC_036838.1	45811903
NC_036838.1	45818026
NC_036838.1	45819913
NC_036838.1	46359722
NC_036838.1	46361451
NC_036838.1	46364061
NC_036838.1	46936405
NC_036838.1	50506788
NC_036838.1	50785083
NC_036838.1	50826573
NC_036838.1	50872820
NC_036838.1	50878629
NC_036838.1	50880921
NC_036838.1	50882048
NC_036838.1	50883296
NC_036838.1	50888114
NC_036838.1	51035217
NC_036838.1	54285827
NC_036838.1	54320037
NC_036838.1	54322687
NC_036838.1	54331251
NC_036838.1	54367245
NC_036838.1	54699519
NC_036838.1	54736076
NC_036838.1	54741831
NC_036838.1	54751836
NC_036838.1	55852062
NC_036838.1	55961554
NC_036838.1	56158251
NC_036838.1	56409199
NC_036838.1	56424748
NC_036838.1	56451487
NC_036838.1	56661522
NC_036838.1	56706243
NC_036838.1	56711340
NC_036838.1	56715954
NC_036838.1	56717076
NC_036838.1	56718215
NC_036838.1	56742642
NC_036838.1	56752849
NC_036838.1	56754566
NC_036838.1	56787232
NC_036838.1	56794565
NC_036838.1	56810159
NC_036838.1	56885729
NC_036838.1	56888264
NC_036838.1	56899860
NC_036838.1	56902180
NC_036838.1	56903492
NC_036838.1	56904733
NC_036838.1	57284826
NC_036838.1	57520929
NC_036838.1	57697605
NC_036838.1	57703740
NC_036838.1	57712735
NC_036838.1	57864563
